Beer style, Year, Average rating
Altbier,1999,4.0
Altbier,2000,4.5
Altbier,2001,4.125
Altbier,2002,3.9607329842931938
Altbier,2003,3.782608695652174
Altbier,2004,3.8660409556313993
Altbier,2005,3.8574380165289255
Altbier,2006,3.8669871794871793
Altbier,2007,3.8040123456790123
Altbier,2008,3.8152059134107708
Altbier,2009,3.8339449541284405
Altbier,2010,3.8119959677419355
Altbier,2011,3.756365232660228
Altbier,2012,3.734375
American Adjunct Lager,1998,3.25
American Adjunct Lager,2000,3.375
American Adjunct Lager,2001,2.7261904761904763
American Adjunct Lager,2002,2.800761421319797
American Adjunct Lager,2003,2.803147699757869
American Adjunct Lager,2004,2.8976057055527256
American Adjunct Lager,2005,2.9651253918495297
American Adjunct Lager,2006,3.0240025948751215
American Adjunct Lager,2007,3.015304606240713
American Adjunct Lager,2008,3.08778533268577
American Adjunct Lager,2009,3.1694586064578782
American Adjunct Lager,2010,3.1028225806451615
American Adjunct Lager,2011,2.8690388848129125
American Adjunct Lager,2012,2.6171171171171173
American Amber / Red Ale,1998,3.9285714285714284
American Amber / Red Ale,1999,4.0
American Amber / Red Ale,2000,4.083333333333333
American Amber / Red Ale,2001,3.8161764705882355
American Amber / Red Ale,2002,3.8048275862068968
American Amber / Red Ale,2003,3.7238762405137185
American Amber / Red Ale,2004,3.770596590909091
American Amber / Red Ale,2005,3.738742236024845
American Amber / Red Ale,2006,3.7858675248055778
American Amber / Red Ale,2007,3.7685549132947975
American Amber / Red Ale,2008,3.77479197926613
American Amber / Red Ale,2009,3.8513457841252405
American Amber / Red Ale,2010,3.792571829011913
American Amber / Red Ale,2011,3.7475346325428505
American Amber / Red Ale,2012,3.678733031674208
American Amber / Red Lager,1998,4.0
American Amber / Red Lager,2001,3.1818181818181817
American Amber / Red Lager,2002,3.458
American Amber / Red Lager,2003,3.4204035874439462
American Amber / Red Lager,2004,3.522776572668113
American Amber / Red Lager,2005,3.5724755700325734
American Amber / Red Lager,2006,3.539092055485498
American Amber / Red Lager,2007,3.544015825914936
American Amber / Red Lager,2008,3.573170731707317
American Amber / Red Lager,2009,3.664102564102564
American Amber / Red Lager,2010,3.6734279918864097
American Amber / Red Lager,2011,3.465229485396384
American Amber / Red Lager,2012,3.2567567567567566
American Barleywine,1998,4.5
American Barleywine,1999,4.25
American Barleywine,2001,4.45
American Barleywine,2002,4.118303571428571
American Barleywine,2003,3.9654566744730677
American Barleywine,2004,3.954320987654321
American Barleywine,2005,3.972100313479624
American Barleywine,2006,3.912481352560915
American Barleywine,2007,3.8584245076586434
American Barleywine,2008,3.900291699814373
American Barleywine,2009,3.877457078875342
American Barleywine,2010,3.87613935588414
American Barleywine,2011,3.8806818181818183
American Barleywine,2012,3.9352941176470586
American Black Ale,2003,5.0
American Black Ale,2004,4.5
American Black Ale,2005,4.5
American Black Ale,2006,4.176470588235294
American Black Ale,2007,4.172910662824208
American Black Ale,2008,4.003802281368821
American Black Ale,2009,3.9844582593250446
American Black Ale,2010,3.9176968119713727
American Black Ale,2011,3.918213004833931
American Black Ale,2012,3.8875
American Blonde Ale,1998,3.75
American Blonde Ale,1999,3.5
American Blonde Ale,2000,3.5
American Blonde Ale,2001,3.65
American Blonde Ale,2002,3.74609375
American Blonde Ale,2003,3.540909090909091
American Blonde Ale,2004,3.5257731958762886
American Blonde Ale,2005,3.5313751668891857
American Blonde Ale,2006,3.5381282495667246
American Blonde Ale,2007,3.57117903930131
American Blonde Ale,2008,3.50293542074364
American Blonde Ale,2009,3.6309458720612358
American Blonde Ale,2010,3.720693170234455
American Blonde Ale,2011,3.5889719626168226
American Blonde Ale,2012,3.3620689655172415
American Brown Ale,1998,4.0
American Brown Ale,2000,4.0
American Brown Ale,2001,4.083333333333333
American Brown Ale,2002,3.9583333333333335
American Brown Ale,2003,3.89413988657845
American Brown Ale,2004,3.899076517150396
American Brown Ale,2005,3.888479262672811
American Brown Ale,2006,3.876521739130435
American Brown Ale,2007,3.8557302231237323
American Brown Ale,2008,3.8550493325594895
American Brown Ale,2009,3.8762573099415203
American Brown Ale,2010,3.8745447187373534
American Brown Ale,2011,3.812753529125426
American Brown Ale,2012,3.751366120218579
American Dark Wheat Ale,2001,4.0
American Dark Wheat Ale,2002,3.6363636363636362
American Dark Wheat Ale,2003,3.370967741935484
American Dark Wheat Ale,2004,3.7051282051282053
American Dark Wheat Ale,2005,3.608910891089109
American Dark Wheat Ale,2006,3.5827464788732395
American Dark Wheat Ale,2007,3.597826086956522
American Dark Wheat Ale,2008,3.685258964143426
American Dark Wheat Ale,2009,3.7890625
American Dark Wheat Ale,2010,3.676328502415459
American Dark Wheat Ale,2011,3.5884146341463414
American Dark Wheat Ale,2012,3.5
American Double / Imperial IPA,2000,4.0
American Double / Imperial IPA,2001,4.571428571428571
American Double / Imperial IPA,2002,4.242857142857143
American Double / Imperial IPA,2003,4.073791348600509
American Double / Imperial IPA,2004,4.063875305623472
American Double / Imperial IPA,2005,4.066284131381084
American Double / Imperial IPA,2006,4.02023988005997
American Double / Imperial IPA,2007,3.980521320300326
American Double / Imperial IPA,2008,4.012747063878545
American Double / Imperial IPA,2009,3.9971537001897532
American Double / Imperial IPA,2010,3.9587594853183767
American Double / Imperial IPA,2011,4.005656203038905
American Double / Imperial IPA,2012,4.01268115942029
American Double / Imperial Pilsner,2002,4.166666666666667
American Double / Imperial Pilsner,2003,4.216666666666667
American Double / Imperial Pilsner,2004,4.095744680851064
American Double / Imperial Pilsner,2005,4.022875816993464
American Double / Imperial Pilsner,2006,3.8583650190114067
American Double / Imperial Pilsner,2007,3.8283358320839582
American Double / Imperial Pilsner,2008,3.837357052096569
American Double / Imperial Pilsner,2009,3.7816691505216093
American Double / Imperial Pilsner,2010,3.880974695407685
American Double / Imperial Pilsner,2011,3.837055417700579
American Double / Imperial Pilsner,2012,3.7142857142857144
American Double / Imperial Stout,1998,4.0
American Double / Imperial Stout,2001,4.125
American Double / Imperial Stout,2002,4.05
American Double / Imperial Stout,2003,4.027888446215139
American Double / Imperial Stout,2004,4.018276762402089
American Double / Imperial Stout,2005,4.12962962962963
American Double / Imperial Stout,2006,4.039572501444252
American Double / Imperial Stout,2007,4.074283407347598
American Double / Imperial Stout,2008,4.00865768832322
American Double / Imperial Stout,2009,3.988087395696091
American Double / Imperial Stout,2010,3.9859143721152317
American Double / Imperial Stout,2011,4.079313602015113
American Double / Imperial Stout,2012,4.161713286713287
American IPA,1998,4.3
American IPA,1999,4.166666666666667
American IPA,2000,4.214285714285714
American IPA,2001,4.236559139784946
American IPA,2002,4.045454545454546
American IPA,2003,3.9720649301623254
American IPA,2004,3.997851365015167
American IPA,2005,3.981563570421116
American IPA,2006,3.973587067209776
American IPA,2007,3.96868114573497
American IPA,2008,3.9979340198071753
American IPA,2009,4.001340889541061
American IPA,2010,3.97962062679052
American IPA,2011,3.8987275942169677
American IPA,2012,3.895394736842105
American Malt Liquor,2000,4.0
American Malt Liquor,2001,2.75
American Malt Liquor,2002,2.705
American Malt Liquor,2003,2.411764705882353
American Malt Liquor,2004,2.70042194092827
American Malt Liquor,2005,2.716442953020134
American Malt Liquor,2006,2.7321016166281753
American Malt Liquor,2007,2.728337236533958
American Malt Liquor,2008,2.5813008130081303
American Malt Liquor,2009,2.755578093306288
American Malt Liquor,2010,2.6401869158878504
American Malt Liquor,2011,2.704692556634304
American Malt Liquor,2012,2.65
American Pale Ale (APA),1996,4.0
American Pale Ale (APA),1998,3.7857142857142856
American Pale Ale (APA),1999,4.142857142857143
American Pale Ale (APA),2000,3.875
American Pale Ale (APA),2001,3.992
American Pale Ale (APA),2002,3.8972653362897267
American Pale Ale (APA),2003,3.82700205338809
American Pale Ale (APA),2004,3.8484356552538372
American Pale Ale (APA),2005,3.8364756158873807
American Pale Ale (APA),2006,3.856616291927755
American Pale Ale (APA),2007,3.8328802039082412
American Pale Ale (APA),2008,3.862411883182276
American Pale Ale (APA),2009,3.8874392861177003
American Pale Ale (APA),2010,3.8954096742349456
American Pale Ale (APA),2011,3.803125238786582
American Pale Ale (APA),2012,3.785919540229885
American Pale Lager,1998,3.875
American Pale Lager,1999,4.0
American Pale Lager,2000,3.0
American Pale Lager,2001,3.323529411764706
American Pale Lager,2002,3.315909090909091
American Pale Lager,2003,3.222610722610723
American Pale Lager,2004,3.2989010989010987
American Pale Lager,2005,3.2759197324414715
American Pale Lager,2006,3.3175757575757574
American Pale Lager,2007,3.3917525773195876
American Pale Lager,2008,3.4482608695652175
American Pale Lager,2009,3.5233480176211454
American Pale Lager,2010,3.5369853454291698
American Pale Lager,2011,3.3941453214845794
American Pale Lager,2012,3.1777777777777776
American Pale Wheat Ale,1998,3.8333333333333335
American Pale Wheat Ale,1999,3.75
American Pale Wheat Ale,2001,3.64
American Pale Wheat Ale,2002,3.6531531531531534
American Pale Wheat Ale,2003,3.4948253557567917
American Pale Wheat Ale,2004,3.6391465677179964
American Pale Wheat Ale,2005,3.6254331254331253
American Pale Wheat Ale,2006,3.659375
American Pale Wheat Ale,2007,3.6371153846153845
American Pale Wheat Ale,2008,3.6598540145985403
American Pale Wheat Ale,2009,3.698418581665431
American Pale Wheat Ale,2010,3.731102682199946
American Pale Wheat Ale,2011,3.557774768675243
American Pale Wheat Ale,2012,3.5
American Porter,1998,3.857142857142857
American Porter,1999,4.071428571428571
American Porter,2000,4.4
American Porter,2001,4.0625
American Porter,2002,3.889655172413793
American Porter,2003,3.882747068676717
American Porter,2004,3.9189548272807793
American Porter,2005,3.8972553268327914
American Porter,2006,3.8463348192174345
American Porter,2007,3.847408400357462
American Porter,2008,3.892638036809816
American Porter,2009,3.9314911498790273
American Porter,2010,3.925239234449761
American Porter,2011,3.885182134358411
American Porter,2012,3.8386627906976742
American Stout,1998,4.0
American Stout,1999,3.5
American Stout,2000,4.166666666666667
American Stout,2001,4.055555555555555
American Stout,2002,3.926760563380282
American Stout,2003,3.8851931330472103
American Stout,2004,3.9054298642533936
American Stout,2005,3.925984251968504
American Stout,2006,3.887480600103466
American Stout,2007,3.912426614481409
American Stout,2008,3.8778213935230617
American Stout,2009,3.9019013502342244
American Stout,2010,3.8507162041181737
American Stout,2011,3.7973318713450293
American Stout,2012,3.71
American Strong Ale,1998,4.25
American Strong Ale,2000,4.5
American Strong Ale,2001,4.375
American Strong Ale,2002,3.98974358974359
American Strong Ale,2003,3.8742603550295858
American Strong Ale,2004,3.8912776412776413
American Strong Ale,2005,3.865126050420168
American Strong Ale,2006,3.844404701073071
American Strong Ale,2007,3.8715802368313597
American Strong Ale,2008,3.8973102061337355
American Strong Ale,2009,3.8646961630255188
American Strong Ale,2010,3.85437756497948
American Strong Ale,2011,3.8861772745021477
American Strong Ale,2012,3.944954128440367
American Wild Ale,2003,4.125
American Wild Ale,2004,4.095238095238095
American Wild Ale,2005,4.278846153846154
American Wild Ale,2006,4.242063492063492
American Wild Ale,2007,4.223458904109589
American Wild Ale,2008,4.0824108241082415
American Wild Ale,2009,4.114568845618916
American Wild Ale,2010,4.101235552012754
American Wild Ale,2011,4.059336823734729
American Wild Ale,2012,3.9719101123595504
Baltic Porter,2000,4.5
Baltic Porter,2001,4.2
Baltic Porter,2002,4.075268817204301
Baltic Porter,2003,4.060723514211887
Baltic Porter,2004,4.0276008492569
Baltic Porter,2005,4.015374331550802
Baltic Porter,2006,3.957856399583767
Baltic Porter,2007,3.957256461232604
Baltic Porter,2008,3.9388799138395263
Baltic Porter,2009,3.9283305227655987
Baltic Porter,2010,3.937271301620491
Baltic Porter,2011,3.947345326897762
Baltic Porter,2012,3.888888888888889
Belgian Dark Ale,1998,4.0
Belgian Dark Ale,2001,4.125
Belgian Dark Ale,2002,3.8545454545454545
Belgian Dark Ale,2003,3.7291666666666665
Belgian Dark Ale,2004,3.7401215805471124
Belgian Dark Ale,2005,3.7010869565217392
Belgian Dark Ale,2006,3.736559139784946
Belgian Dark Ale,2007,3.7275
Belgian Dark Ale,2008,3.7735562310030395
Belgian Dark Ale,2009,3.7950039651070577
Belgian Dark Ale,2010,3.7467270896273916
Belgian Dark Ale,2011,3.7
Belgian Dark Ale,2012,3.702127659574468
Belgian IPA,2001,4.5
Belgian IPA,2002,4.105263157894737
Belgian IPA,2003,3.983695652173913
Belgian IPA,2004,4.025
Belgian IPA,2005,4.005524861878453
Belgian IPA,2006,4.081455805892547
Belgian IPA,2007,3.995256166982922
Belgian IPA,2008,3.9964463397299217
Belgian IPA,2009,3.942073170731707
Belgian IPA,2010,3.9518184644078334
Belgian IPA,2011,3.9308641975308642
Belgian IPA,2012,3.962962962962963
Belgian Pale Ale,1998,3.5
Belgian Pale Ale,1999,3.0
Belgian Pale Ale,2000,3.8333333333333335
Belgian Pale Ale,2001,4.4411764705882355
Belgian Pale Ale,2002,3.9288461538461537
Belgian Pale Ale,2003,3.848238482384824
Belgian Pale Ale,2004,3.808664259927798
Belgian Pale Ale,2005,3.756244616709733
Belgian Pale Ale,2006,3.765720081135903
Belgian Pale Ale,2007,3.778935185185185
Belgian Pale Ale,2008,3.845679012345679
Belgian Pale Ale,2009,3.872666877570389
Belgian Pale Ale,2010,3.8567567567567567
Belgian Pale Ale,2011,3.77675
Belgian Pale Ale,2012,3.7454545454545456
Belgian Strong Dark Ale,1998,5.0
Belgian Strong Dark Ale,2001,4.685185185185185
Belgian Strong Dark Ale,2002,4.051535087719298
Belgian Strong Dark Ale,2003,3.9855316285329745
Belgian Strong Dark Ale,2004,3.9519494783086215
Belgian Strong Dark Ale,2005,3.991276764472641
Belgian Strong Dark Ale,2006,3.911031518624642
Belgian Strong Dark Ale,2007,3.9065019505851755
Belgian Strong Dark Ale,2008,3.917956064947469
Belgian Strong Dark Ale,2009,3.905265831357941
Belgian Strong Dark Ale,2010,3.874739207189857
Belgian Strong Dark Ale,2011,3.8899317406143346
Belgian Strong Dark Ale,2012,3.875451263537906
Belgian Strong Pale Ale,1998,5.0
Belgian Strong Pale Ale,2000,4.666666666666667
Belgian Strong Pale Ale,2001,4.766666666666667
Belgian Strong Pale Ale,2002,4.027397260273973
Belgian Strong Pale Ale,2003,3.8995215311004783
Belgian Strong Pale Ale,2004,3.8701895462377944
Belgian Strong Pale Ale,2005,3.889186556259133
Belgian Strong Pale Ale,2006,3.880657708628006
Belgian Strong Pale Ale,2007,3.846165323783945
Belgian Strong Pale Ale,2008,3.9251503933364185
Belgian Strong Pale Ale,2009,3.9292150818117144
Belgian Strong Pale Ale,2010,3.9221353630940134
Belgian Strong Pale Ale,2011,3.8611246151353105
Belgian Strong Pale Ale,2012,3.827188940092166
Berliner Weissbier,2002,3.9
Berliner Weissbier,2003,3.4038461538461537
Berliner Weissbier,2004,3.5714285714285716
Berliner Weissbier,2005,3.6704545454545454
Berliner Weissbier,2006,3.888888888888889
Berliner Weissbier,2007,3.839335180055402
Berliner Weissbier,2008,3.8080260303687634
Berliner Weissbier,2009,3.979427549194991
Berliner Weissbier,2010,3.988697524219591
Berliner Weissbier,2011,3.8813209494324044
Berliner Weissbier,2012,3.611111111111111
Bière de Champagne / Bière Brut,2002,4.166666666666667
Bière de Champagne / Bière Brut,2003,4.0
Bière de Champagne / Bière Brut,2004,4.190476190476191
Bière de Champagne / Bière Brut,2005,4.2
Bière de Champagne / Bière Brut,2006,3.6951219512195124
Bière de Champagne / Bière Brut,2007,3.933333333333333
Bière de Champagne / Bière Brut,2008,3.908695652173913
Bière de Champagne / Bière Brut,2009,3.816326530612245
Bière de Champagne / Bière Brut,2010,3.6658415841584158
Bière de Champagne / Bière Brut,2011,3.278409090909091
Bière de Champagne / Bière Brut,2012,3.5384615384615383
Bière de Garde,1999,4.0
Bière de Garde,2001,4.5
Bière de Garde,2002,3.9913793103448274
Bière de Garde,2003,3.7916666666666665
Bière de Garde,2004,3.925
Bière de Garde,2005,3.9572446555819476
Bière de Garde,2006,3.8899676375404533
Bière de Garde,2007,3.8993115318416525
Bière de Garde,2008,3.8803142329020335
Bière de Garde,2009,3.9028225806451613
Bière de Garde,2010,3.8764652840396754
Bière de Garde,2011,3.8107049608355092
Bière de Garde,2012,3.824324324324324
Black & Tan,2001,3.7142857142857144
Black & Tan,2002,3.4285714285714284
Black & Tan,2003,3.3915343915343916
Black & Tan,2004,3.4725274725274726
Black & Tan,2005,3.4752475247524752
Black & Tan,2006,3.5593607305936072
Black & Tan,2007,3.5106382978723403
Black & Tan,2008,3.524916943521595
Black & Tan,2009,3.5311475409836066
Black & Tan,2010,3.519817073170732
Black & Tan,2011,3.3967391304347827
Black & Tan,2012,2.7222222222222223
Bock,1998,4.0
Bock,1999,3.0
Bock,2000,4.0
Bock,2001,3.738095238095238
Bock,2002,3.6450892857142856
Bock,2003,3.5054229934924077
Bock,2004,3.6244541484716155
Bock,2005,3.6558533145275036
Bock,2006,3.6482320942883044
Bock,2007,3.653034300791557
Bock,2008,3.6943952802359883
Bock,2009,3.72079556898288
Bock,2010,3.668835192069393
Bock,2011,3.5497512437810945
Bock,2012,3.5
Braggot,2002,3.9642857142857144
Braggot,2003,3.859375
Braggot,2004,3.7875
Braggot,2005,3.7291666666666665
Braggot,2006,3.7954545454545454
Braggot,2007,3.5555555555555554
Braggot,2008,3.518348623853211
Braggot,2009,3.6011904761904763
Braggot,2010,3.589958158995816
Braggot,2011,3.716606498194946
Braggot,2012,3.6666666666666665
California Common / Steam Beer,1999,4.0
California Common / Steam Beer,2001,4.125
California Common / Steam Beer,2002,3.835294117647059
California Common / Steam Beer,2003,3.841463414634146
California Common / Steam Beer,2004,3.865979381443299
California Common / Steam Beer,2005,3.839583333333333
California Common / Steam Beer,2006,3.8048780487804876
California Common / Steam Beer,2007,3.863095238095238
California Common / Steam Beer,2008,3.816006600660066
California Common / Steam Beer,2009,3.897880539499037
California Common / Steam Beer,2010,3.91921768707483
California Common / Steam Beer,2011,3.8025258323765785
California Common / Steam Beer,2012,3.607142857142857
Chile Beer,2001,4.0
Chile Beer,2002,2.3095238095238093
Chile Beer,2003,2.2788461538461537
Chile Beer,2004,2.1666666666666665
Chile Beer,2005,2.9087837837837838
Chile Beer,2006,2.71505376344086
Chile Beer,2007,2.8286713286713288
Chile Beer,2008,3.2768456375838926
Chile Beer,2009,3.220657276995305
Chile Beer,2010,3.204326923076923
Chile Beer,2011,3.395049504950495
Chile Beer,2012,3.1666666666666665
Cream Ale,1998,4.25
Cream Ale,1999,3.75
Cream Ale,2001,3.125
Cream Ale,2002,3.5294117647058822
Cream Ale,2003,3.511583011583012
Cream Ale,2004,3.4809027777777777
Cream Ale,2005,3.667948717948718
Cream Ale,2006,3.582699619771863
Cream Ale,2007,3.587521663778163
Cream Ale,2008,3.6339421613394216
Cream Ale,2009,3.670640834575261
Cream Ale,2010,3.636876006441224
Cream Ale,2011,3.575681130171544
Cream Ale,2012,3.564516129032258
Czech Pilsener,2000,4.333333333333333
Czech Pilsener,2001,4.04
Czech Pilsener,2002,3.8
Czech Pilsener,2003,3.667779632721202
Czech Pilsener,2004,3.7403697996918335
Czech Pilsener,2005,3.6808641975308642
Czech Pilsener,2006,3.7562277580071175
Czech Pilsener,2007,3.7729336966394187
Czech Pilsener,2008,3.781679942070963
Czech Pilsener,2009,3.8704705246078963
Czech Pilsener,2010,3.9421032649962036
Czech Pilsener,2011,3.6897078063672044
Czech Pilsener,2012,3.5952380952380953
Doppelbock,1999,4.0
Doppelbock,2001,4.545454545454546
Doppelbock,2002,4.047835990888383
Doppelbock,2003,3.8963654223968565
Doppelbock,2004,3.9158415841584158
Doppelbock,2005,3.911032028469751
Doppelbock,2006,3.908929364726788
Doppelbock,2007,3.866412213740458
Doppelbock,2008,3.8627808136004855
Doppelbock,2009,3.850907029478458
Doppelbock,2010,3.8393085787451984
Doppelbock,2011,3.850780234070221
Doppelbock,2012,3.7252747252747254
Dortmunder / Export Lager,1998,4.5
Dortmunder / Export Lager,2001,3.875
Dortmunder / Export Lager,2002,3.8304347826086955
Dortmunder / Export Lager,2003,3.791322314049587
Dortmunder / Export Lager,2004,3.825892857142857
Dortmunder / Export Lager,2005,3.809931506849315
Dortmunder / Export Lager,2006,3.7359154929577465
Dortmunder / Export Lager,2007,3.9217171717171717
Dortmunder / Export Lager,2008,3.810747663551402
Dortmunder / Export Lager,2009,3.882661996497373
Dortmunder / Export Lager,2010,3.927662957074722
Dortmunder / Export Lager,2011,3.734026745913819
Dortmunder / Export Lager,2012,3.8260869565217392
Dubbel,1998,4.25
Dubbel,1999,4.0
Dubbel,2000,4.5
Dubbel,2001,4.351851851851852
Dubbel,2002,4.038343558282208
Dubbel,2003,3.988914819136523
Dubbel,2004,3.9754098360655736
Dubbel,2005,3.9647592463363575
Dubbel,2006,3.9697201017811703
Dubbel,2007,3.8949169110459434
Dubbel,2008,3.936769005847953
Dubbel,2009,3.8995457721872815
Dubbel,2010,3.9031311154598827
Dubbel,2011,3.8719408081957885
Dubbel,2012,3.810185185185185
Dunkelweizen,2000,4.0
Dunkelweizen,2001,4.4
Dunkelweizen,2002,3.893063583815029
Dunkelweizen,2003,3.8603988603988606
Dunkelweizen,2004,3.890957446808511
Dunkelweizen,2005,3.8716814159292037
Dunkelweizen,2006,3.8583690987124464
Dunkelweizen,2007,3.8626644736842106
Dunkelweizen,2008,3.8633268482490273
Dunkelweizen,2009,3.8984615384615386
Dunkelweizen,2010,3.8178178178178177
Dunkelweizen,2011,3.7954314720812183
Dunkelweizen,2012,3.6904761904761907
Eisbock,1998,4.0
Eisbock,2001,3.5
Eisbock,2002,4.142857142857143
Eisbock,2003,3.90990990990991
Eisbock,2004,4.006060606060606
Eisbock,2005,4.064453125
Eisbock,2006,4.015015015015015
Eisbock,2007,3.976
Eisbock,2008,3.974285714285714
Eisbock,2009,3.9842406876790832
Eisbock,2010,3.897887323943662
Eisbock,2011,3.977979274611399
Eisbock,2012,3.75
English Barleywine,1999,3.5
English Barleywine,2000,3.0
English Barleywine,2001,4.033333333333333
English Barleywine,2002,3.9738805970149254
English Barleywine,2003,3.811868686868687
English Barleywine,2004,3.851882160392799
English Barleywine,2005,3.8412017167381975
English Barleywine,2006,3.752297410192147
English Barleywine,2007,3.765020576131687
English Barleywine,2008,3.809133489461358
English Barleywine,2009,3.8289156626506022
English Barleywine,2010,3.8178311187312475
English Barleywine,2011,3.984597156398104
English Barleywine,2012,4.003164556962025
English Bitter,1998,4.5
English Bitter,1999,4.0
English Bitter,2000,3.5
English Bitter,2001,3.8461538461538463
English Bitter,2002,3.909090909090909
English Bitter,2003,3.6789473684210527
English Bitter,2004,3.84053651266766
English Bitter,2005,3.766798418972332
English Bitter,2006,3.723404255319149
English Bitter,2007,3.7615384615384615
English Bitter,2008,3.8526785714285716
English Bitter,2009,3.856020942408377
English Bitter,2010,3.8665289256198347
English Bitter,2011,3.673448275862069
English Bitter,2012,3.5789473684210527
English Brown Ale,1998,3.9
English Brown Ale,1999,4.333333333333333
English Brown Ale,2000,3.5
English Brown Ale,2001,3.9523809523809526
English Brown Ale,2002,3.699810606060606
English Brown Ale,2003,3.7020785219399537
English Brown Ale,2004,3.7191053828658074
English Brown Ale,2005,3.7173620457604306
English Brown Ale,2006,3.7243011722272317
English Brown Ale,2007,3.745527306967985
English Brown Ale,2008,3.8034619545618464
English Brown Ale,2009,3.8469275786393564
English Brown Ale,2010,3.831285831285831
English Brown Ale,2011,3.697749196141479
English Brown Ale,2012,3.5955882352941178
English Dark Mild Ale,1998,4.0
English Dark Mild Ale,2000,4.0
English Dark Mild Ale,2001,5.0
English Dark Mild Ale,2002,3.703125
English Dark Mild Ale,2003,3.674074074074074
English Dark Mild Ale,2004,3.8394160583941606
English Dark Mild Ale,2005,3.815068493150685
English Dark Mild Ale,2006,3.7309782608695654
English Dark Mild Ale,2007,3.8294797687861273
English Dark Mild Ale,2008,3.8758169934640523
English Dark Mild Ale,2009,3.9581218274111674
English Dark Mild Ale,2010,3.959752321981424
English Dark Mild Ale,2011,3.738853503184713
English Dark Mild Ale,2012,3.5
English India Pale Ale (IPA),1998,3.5
English India Pale Ale (IPA),1999,5.0
English India Pale Ale (IPA),2000,3.5
English India Pale Ale (IPA),2001,3.985294117647059
English India Pale Ale (IPA),2002,3.8245341614906834
English India Pale Ale (IPA),2003,3.713064713064713
English India Pale Ale (IPA),2004,3.750795334040297
English India Pale Ale (IPA),2005,3.738308457711443
English India Pale Ale (IPA),2006,3.7643146327356853
English India Pale Ale (IPA),2007,3.7521505376344084
English India Pale Ale (IPA),2008,3.7411559541604387
English India Pale Ale (IPA),2009,3.777513101476894
English India Pale Ale (IPA),2010,3.7330997526793075
English India Pale Ale (IPA),2011,3.6389939485627836
English India Pale Ale (IPA),2012,3.6796875
English Pale Ale,1998,4.0
English Pale Ale,1999,4.25
English Pale Ale,2000,4.0
English Pale Ale,2001,3.8225806451612905
English Pale Ale,2002,3.7333333333333334
English Pale Ale,2003,3.649298597194389
English Pale Ale,2004,3.6767241379310347
English Pale Ale,2005,3.7315488565488564
English Pale Ale,2006,3.6757529546321006
English Pale Ale,2007,3.6462890625
English Pale Ale,2008,3.7326066046809876
English Pale Ale,2009,3.736217841630471
English Pale Ale,2010,3.7155405405405406
English Pale Ale,2011,3.595744680851064
English Pale Ale,2012,3.5214285714285714
English Pale Mild Ale,2002,4.333333333333333
English Pale Mild Ale,2003,3.609375
English Pale Mild Ale,2004,3.704081632653061
English Pale Mild Ale,2005,3.4583333333333335
English Pale Mild Ale,2006,3.560344827586207
English Pale Mild Ale,2007,3.6666666666666665
English Pale Mild Ale,2008,3.691919191919192
English Pale Mild Ale,2009,3.7580645161290325
English Pale Mild Ale,2010,3.7944444444444443
English Pale Mild Ale,2011,3.579136690647482
English Pale Mild Ale,2012,3.3
English Porter,1998,4.0
English Porter,2001,4.409090909090909
English Porter,2002,4.077720207253886
English Porter,2003,4.005813953488372
English Porter,2004,3.948330683624801
English Porter,2005,3.929790026246719
English Porter,2006,3.9169154228855723
English Porter,2007,3.9173669467787113
English Porter,2008,3.957943925233645
English Porter,2009,3.881948595337717
English Porter,2010,3.895150720838794
English Porter,2011,3.8748510131108462
English Porter,2012,3.6545454545454548
English Stout,1998,4.0
English Stout,2001,5.0
English Stout,2002,3.875
English Stout,2003,3.7350993377483444
English Stout,2004,3.7176165803108807
English Stout,2005,3.7196261682242993
English Stout,2006,3.778745644599303
English Stout,2007,3.661504424778761
English Stout,2008,3.7346938775510203
English Stout,2009,3.830043859649123
English Stout,2010,3.801989150090416
English Stout,2011,3.6710069444444446
English Stout,2012,3.6666666666666665
English Strong Ale,2000,4.0
English Strong Ale,2001,4.75
English Strong Ale,2002,4.084507042253521
English Strong Ale,2003,3.8291666666666666
English Strong Ale,2004,3.864179104477612
English Strong Ale,2005,3.8849840255591053
English Strong Ale,2006,3.7986577181208054
English Strong Ale,2007,3.74852652259332
English Strong Ale,2008,3.6992409867172675
English Strong Ale,2009,3.75
English Strong Ale,2010,3.7310513447432765
English Strong Ale,2011,3.8076490438695165
English Strong Ale,2012,3.7027027027027026
Euro Dark Lager,2000,4.0
Euro Dark Lager,2001,3.0714285714285716
Euro Dark Lager,2002,3.232142857142857
Euro Dark Lager,2003,3.326158940397351
Euro Dark Lager,2004,3.25
Euro Dark Lager,2005,3.4157608695652173
Euro Dark Lager,2006,3.4669421487603307
Euro Dark Lager,2007,3.454896907216495
Euro Dark Lager,2008,3.3817891373801916
Euro Dark Lager,2009,3.481331168831169
Euro Dark Lager,2010,3.499223602484472
Euro Dark Lager,2011,3.3784764207980653
Euro Dark Lager,2012,3.3125
Euro Pale Lager,1998,3.0
Euro Pale Lager,2000,3.5
Euro Pale Lager,2001,3.46875
Euro Pale Lager,2002,3.2294007490636703
Euro Pale Lager,2003,3.147909967845659
Euro Pale Lager,2004,3.1382145653876274
Euro Pale Lager,2005,3.193527918781726
Euro Pale Lager,2006,3.219933712121212
Euro Pale Lager,2007,3.2135493372606776
Euro Pale Lager,2008,3.233189655172414
Euro Pale Lager,2009,3.286435469710272
Euro Pale Lager,2010,3.2656743346865134
Euro Pale Lager,2011,3.0684255684255684
Euro Pale Lager,2012,3.0
Euro Strong Lager,2001,3.0
Euro Strong Lager,2002,2.5384615384615383
Euro Strong Lager,2003,2.762589928057554
Euro Strong Lager,2004,2.9760479041916166
Euro Strong Lager,2005,2.8588709677419355
Euro Strong Lager,2006,2.8982035928143715
Euro Strong Lager,2007,2.921474358974359
Euro Strong Lager,2008,2.7471428571428573
Euro Strong Lager,2009,2.8245125348189415
Euro Strong Lager,2010,2.9398395721925135
Euro Strong Lager,2011,2.8852242744063323
Euro Strong Lager,2012,2.5
Extra Special / Strong Bitter (ESB),1998,3.8333333333333335
Extra Special / Strong Bitter (ESB),1999,4.0
Extra Special / Strong Bitter (ESB),2000,4.0
Extra Special / Strong Bitter (ESB),2001,4.177777777777778
Extra Special / Strong Bitter (ESB),2002,4.0
Extra Special / Strong Bitter (ESB),2003,3.900671785028791
Extra Special / Strong Bitter (ESB),2004,3.8816543816543816
Extra Special / Strong Bitter (ESB),2005,3.899406087602079
Extra Special / Strong Bitter (ESB),2006,3.827263267429761
Extra Special / Strong Bitter (ESB),2007,3.827646038172354
Extra Special / Strong Bitter (ESB),2008,3.8758095238095236
Extra Special / Strong Bitter (ESB),2009,3.8773384353741496
Extra Special / Strong Bitter (ESB),2010,3.8187903970452446
Extra Special / Strong Bitter (ESB),2011,3.732553003533569
Extra Special / Strong Bitter (ESB),2012,3.7314814814814814
Faro,1998,4.0
Faro,2002,3.625
Faro,2003,3.3333333333333335
Faro,2004,3.861111111111111
Faro,2005,3.7
Faro,2006,3.6
Faro,2007,3.630434782608696
Faro,2008,3.54
Faro,2009,3.511904761904762
Faro,2010,3.584577114427861
Faro,2011,3.657608695652174
Faro,2012,3.3
Flanders Oud Bruin,2000,4.0
Flanders Oud Bruin,2001,4.5
Flanders Oud Bruin,2002,3.942857142857143
Flanders Oud Bruin,2003,3.8091603053435112
Flanders Oud Bruin,2004,3.8897435897435897
Flanders Oud Bruin,2005,3.8674698795180724
Flanders Oud Bruin,2006,3.8475836431226766
Flanders Oud Bruin,2007,3.8033088235294117
Flanders Oud Bruin,2008,3.972072072072072
Flanders Oud Bruin,2009,3.922038980509745
Flanders Oud Bruin,2010,3.911251212415131
Flanders Oud Bruin,2011,3.902258064516129
Flanders Oud Bruin,2012,3.960526315789474
Flanders Red Ale,2000,5.0
Flanders Red Ale,2001,4.833333333333333
Flanders Red Ale,2002,4.109375
Flanders Red Ale,2003,4.126086956521739
Flanders Red Ale,2004,3.9426605504587156
Flanders Red Ale,2005,3.992711370262391
Flanders Red Ale,2006,3.884892086330935
Flanders Red Ale,2007,3.996219281663516
Flanders Red Ale,2008,4.016451233842538
Flanders Red Ale,2009,4.012593283582089
Flanders Red Ale,2010,3.9734158776402038
Flanders Red Ale,2011,4.010443864229765
Flanders Red Ale,2012,4.102564102564102
Foreign / Export Stout,2001,4.416666666666667
Foreign / Export Stout,2002,3.975609756097561
Foreign / Export Stout,2003,3.8903061224489797
Foreign / Export Stout,2004,3.91522491349481
Foreign / Export Stout,2005,3.8403465346534653
Foreign / Export Stout,2006,3.8151709401709404
Foreign / Export Stout,2007,3.87360594795539
Foreign / Export Stout,2008,3.842436974789916
Foreign / Export Stout,2009,3.871476888387824
Foreign / Export Stout,2010,3.8948087431693987
Foreign / Export Stout,2011,3.9056
Foreign / Export Stout,2012,3.85
Fruit / Vegetable Beer,1998,3.9166666666666665
Fruit / Vegetable Beer,1999,3.75
Fruit / Vegetable Beer,2000,5.0
Fruit / Vegetable Beer,2001,3.4903846153846154
Fruit / Vegetable Beer,2002,3.458057395143488
Fruit / Vegetable Beer,2003,3.467669172932331
Fruit / Vegetable Beer,2004,3.4397374701670644
Fruit / Vegetable Beer,2005,3.4409541804440247
Fruit / Vegetable Beer,2006,3.4065217391304348
Fruit / Vegetable Beer,2007,3.3907865872767156
Fruit / Vegetable Beer,2008,3.304125816993464
Fruit / Vegetable Beer,2009,3.4213
Fruit / Vegetable Beer,2010,3.4660861594867094
Fruit / Vegetable Beer,2011,3.434742926680864
Fruit / Vegetable Beer,2012,3.538135593220339
German Pilsener,1998,4.0
German Pilsener,2000,4.0
German Pilsener,2001,3.7291666666666665
German Pilsener,2002,3.763843648208469
German Pilsener,2003,3.598347757671125
German Pilsener,2004,3.622516556291391
German Pilsener,2005,3.7701492537313435
German Pilsener,2006,3.757212605415002
German Pilsener,2007,3.686418685121107
German Pilsener,2008,3.763374485596708
German Pilsener,2009,3.824585167626143
German Pilsener,2010,3.805745341614907
German Pilsener,2011,3.642527409117138
German Pilsener,2012,3.4375
Gose,2003,4.2894736842105265
Gose,2004,4.0125
Gose,2005,3.9705882352941178
Gose,2006,3.838709677419355
Gose,2007,3.9791666666666665
Gose,2008,3.9313725490196076
Gose,2009,4.041666666666667
Gose,2010,4.145161290322581
Gose,2011,3.8413654618473894
Gose,2012,3.75
Gueuze,2001,4.1875
Gueuze,2002,3.8863636363636362
Gueuze,2003,3.9754601226993866
Gueuze,2004,4.010330578512397
Gueuze,2005,3.962121212121212
Gueuze,2006,4.021963824289406
Gueuze,2007,3.9792899408284024
Gueuze,2008,3.993091537132988
Gueuze,2009,4.113368283093053
Gueuze,2010,4.1076
Gueuze,2011,4.1680851063829785
Gueuze,2012,4.021739130434782
Happoshu,2003,3.0
Happoshu,2004,2.467741935483871
Happoshu,2005,2.378787878787879
Happoshu,2006,2.8055555555555554
Happoshu,2007,3.269230769230769
Happoshu,2008,3.3863636363636362
Happoshu,2009,3.011627906976744
Happoshu,2010,3.171875
Happoshu,2011,3.22
Hefeweizen,1998,3.75
Hefeweizen,1999,4.25
Hefeweizen,2000,5.0
Hefeweizen,2001,4.011904761904762
Hefeweizen,2002,3.959039548022599
Hefeweizen,2003,3.9004396984924625
Hefeweizen,2004,3.905819774718398
Hefeweizen,2005,3.925897035881435
Hefeweizen,2006,3.9204876273653566
Hefeweizen,2007,3.9072002796225096
Hefeweizen,2008,3.929522317932655
Hefeweizen,2009,4.023342354533153
Hefeweizen,2010,3.9994788952579468
Hefeweizen,2011,3.8059226050023596
Hefeweizen,2012,3.888888888888889
Herbed / Spiced Beer,1998,3.0
Herbed / Spiced Beer,1999,3.0
Herbed / Spiced Beer,2000,3.5
Herbed / Spiced Beer,2001,3.5
Herbed / Spiced Beer,2002,3.691860465116279
Herbed / Spiced Beer,2003,3.564814814814815
Herbed / Spiced Beer,2004,3.60625
Herbed / Spiced Beer,2005,3.353
Herbed / Spiced Beer,2006,3.212618841832325
Herbed / Spiced Beer,2007,3.4364864864864866
Herbed / Spiced Beer,2008,3.5749019607843135
Herbed / Spiced Beer,2009,3.5266626722588374
Herbed / Spiced Beer,2010,3.4880102040816325
Herbed / Spiced Beer,2011,3.4874838152783774
Herbed / Spiced Beer,2012,3.524390243902439
Irish Dry Stout,1998,1.0
Irish Dry Stout,1999,4.0
Irish Dry Stout,2000,4.5
Irish Dry Stout,2001,4.09375
Irish Dry Stout,2002,3.8992042440318304
Irish Dry Stout,2003,3.8139204545454546
Irish Dry Stout,2004,3.725718194254446
Irish Dry Stout,2005,3.8050947867298577
Irish Dry Stout,2006,3.8194875776397517
Irish Dry Stout,2007,3.8033033033033035
Irish Dry Stout,2008,3.8297749567224466
Irish Dry Stout,2009,3.7679164689131466
Irish Dry Stout,2010,3.7759643916913945
Irish Dry Stout,2011,3.681044600938967
Irish Dry Stout,2012,3.723684210526316
Irish Red Ale,1998,4.0
Irish Red Ale,1999,4.0
Irish Red Ale,2000,4.0
Irish Red Ale,2001,3.75
Irish Red Ale,2002,3.763157894736842
Irish Red Ale,2003,3.6364942528735633
Irish Red Ale,2004,3.7183622828784118
Irish Red Ale,2005,3.7622061482820977
Irish Red Ale,2006,3.721608832807571
Irish Red Ale,2007,3.814787701317716
Irish Red Ale,2008,3.784021406727829
Irish Red Ale,2009,3.7055602358887954
Irish Red Ale,2010,3.6340070298769773
Irish Red Ale,2011,3.5361321403991743
Irish Red Ale,2012,3.480769230769231
Japanese Rice Lager,2001,2.9375
Japanese Rice Lager,2002,3.0072463768115942
Japanese Rice Lager,2003,2.7864077669902914
Japanese Rice Lager,2004,2.9917355371900825
Japanese Rice Lager,2005,3.0580357142857144
Japanese Rice Lager,2006,3.048076923076923
Japanese Rice Lager,2007,3.214788732394366
Japanese Rice Lager,2008,3.2255434782608696
Japanese Rice Lager,2009,3.30188679245283
Japanese Rice Lager,2010,3.3106060606060606
Japanese Rice Lager,2011,2.991489361702128
Japanese Rice Lager,2012,2.8333333333333335
Keller Bier / Zwickel Bier,2001,4.25
Keller Bier / Zwickel Bier,2002,3.988095238095238
Keller Bier / Zwickel Bier,2003,3.802197802197802
Keller Bier / Zwickel Bier,2004,3.923076923076923
Keller Bier / Zwickel Bier,2005,3.925373134328358
Keller Bier / Zwickel Bier,2006,4.038461538461538
Keller Bier / Zwickel Bier,2007,3.9859437751004014
Keller Bier / Zwickel Bier,2008,3.9604430379746836
Keller Bier / Zwickel Bier,2009,4.141809290953545
Keller Bier / Zwickel Bier,2010,4.036687631027253
Keller Bier / Zwickel Bier,2011,3.829113924050633
Keller Bier / Zwickel Bier,2012,3.642857142857143
Kristalweizen,2001,4.125
Kristalweizen,2002,3.6483516483516483
Kristalweizen,2003,3.597315436241611
Kristalweizen,2004,3.593103448275862
Kristalweizen,2005,3.7294117647058824
Kristalweizen,2006,3.6425
Kristalweizen,2007,3.644144144144144
Kristalweizen,2008,3.6800554016620497
Kristalweizen,2009,3.8781818181818184
Kristalweizen,2010,3.8817427385892116
Kristalweizen,2011,3.734421364985163
Kristalweizen,2012,3.5
Kvass,2006,4.333333333333333
Kvass,2007,4.4375
Kvass,2008,3.6666666666666665
Kvass,2009,3.32
Kvass,2010,3.1864406779661016
Kvass,2011,3.2263513513513513
Kölsch,1999,3.5
Kölsch,2000,4.5
Kölsch,2001,3.8214285714285716
Kölsch,2002,3.8465346534653464
Kölsch,2003,3.7327981651376145
Kölsch,2004,3.819290465631929
Kölsch,2005,3.8421985815602837
Kölsch,2006,3.758698940998487
Kölsch,2007,3.8014322916666665
Kölsch,2008,3.7721354166666665
Kölsch,2009,3.8766290182450045
Kölsch,2010,3.897752808988764
Kölsch,2011,3.6484235574063058
Kölsch,2012,3.54
Lambic - Fruit,1999,4.0
Lambic - Fruit,2000,3.5
Lambic - Fruit,2001,4.071428571428571
Lambic - Fruit,2002,3.784431137724551
Lambic - Fruit,2003,3.841708542713568
Lambic - Fruit,2004,3.8633333333333333
Lambic - Fruit,2005,3.7743589743589743
Lambic - Fruit,2006,3.8325301204819278
Lambic - Fruit,2007,3.7941550190597204
Lambic - Fruit,2008,3.877646062658764
Lambic - Fruit,2009,3.9111187371310914
Lambic - Fruit,2010,3.951776649746193
Lambic - Fruit,2011,3.9310730253353205
Lambic - Fruit,2012,3.976470588235294
Lambic - Unblended,2002,4.142857142857143
Lambic - Unblended,2003,3.88
Lambic - Unblended,2004,4.112244897959184
Lambic - Unblended,2005,4.180851063829787
Lambic - Unblended,2006,4.0
Lambic - Unblended,2007,3.990740740740741
Lambic - Unblended,2008,3.895
Lambic - Unblended,2009,3.9873417721518987
Lambic - Unblended,2010,4.110915492957746
Lambic - Unblended,2011,4.076576576576577
Lambic - Unblended,2012,3.7
Light Lager,1998,4.0
Light Lager,1999,2.8333333333333335
Light Lager,2000,1.0
Light Lager,2001,1.9607843137254901
Light Lager,2002,2.55
Light Lager,2003,2.465675057208238
Light Lager,2004,2.548538011695906
Light Lager,2005,2.729895104895105
Light Lager,2006,2.756701030927835
Light Lager,2007,2.775405892964522
Light Lager,2008,2.7396142433234423
Light Lager,2009,2.8666837256908906
Light Lager,2010,2.865770042194093
Light Lager,2011,2.4232804232804233
Light Lager,2012,2.3452380952380953
Low Alcohol Beer,2001,2.0
Low Alcohol Beer,2002,2.4305555555555554
Low Alcohol Beer,2003,2.5373831775700935
Low Alcohol Beer,2004,2.642857142857143
Low Alcohol Beer,2005,2.5729166666666665
Low Alcohol Beer,2006,2.5942028985507246
Low Alcohol Beer,2007,2.762135922330097
Low Alcohol Beer,2008,2.5210084033613445
Low Alcohol Beer,2009,2.600609756097561
Low Alcohol Beer,2010,2.4545454545454546
Low Alcohol Beer,2011,2.6105527638190953
Low Alcohol Beer,2012,3.3333333333333335
Maibock / Helles Bock,1998,4.333333333333333
Maibock / Helles Bock,1999,4.0
Maibock / Helles Bock,2000,3.5
Maibock / Helles Bock,2001,4.233333333333333
Maibock / Helles Bock,2002,4.033707865168539
Maibock / Helles Bock,2003,3.8702928870292888
Maibock / Helles Bock,2004,3.8701067615658364
Maibock / Helles Bock,2005,3.894524959742351
Maibock / Helles Bock,2006,3.881151346332405
Maibock / Helles Bock,2007,3.833673469387755
Maibock / Helles Bock,2008,3.8067896060352053
Maibock / Helles Bock,2009,3.807811291569992
Maibock / Helles Bock,2010,3.8388820386354294
Maibock / Helles Bock,2011,3.743972445464983
Maibock / Helles Bock,2012,3.5757575757575757
Milk / Sweet Stout,1998,4.0
Milk / Sweet Stout,1999,5.0
Milk / Sweet Stout,2001,4.333333333333333
Milk / Sweet Stout,2002,3.8470873786407767
Milk / Sweet Stout,2003,3.8266932270916336
Milk / Sweet Stout,2004,3.831769436997319
Milk / Sweet Stout,2005,3.883522727272727
Milk / Sweet Stout,2006,3.87279843444227
Milk / Sweet Stout,2007,3.876890756302521
Milk / Sweet Stout,2008,3.9146627565982404
Milk / Sweet Stout,2009,3.937394722066255
Milk / Sweet Stout,2010,3.9365411436541144
Milk / Sweet Stout,2011,3.8653909600791816
Milk / Sweet Stout,2012,3.752688172043011
Munich Dunkel Lager,1998,4.0
Munich Dunkel Lager,2000,3.8333333333333335
Munich Dunkel Lager,2001,3.75
Munich Dunkel Lager,2002,3.49800796812749
Munich Dunkel Lager,2003,3.6327985739750446
Munich Dunkel Lager,2004,3.652930402930403
Munich Dunkel Lager,2005,3.7225656877897992
Munich Dunkel Lager,2006,3.763480392156863
Munich Dunkel Lager,2007,3.7177142857142855
Munich Dunkel Lager,2008,3.71207729468599
Munich Dunkel Lager,2009,3.777942631058358
Munich Dunkel Lager,2010,3.810376492194674
Munich Dunkel Lager,2011,3.634741784037559
Munich Dunkel Lager,2012,3.72
Munich Helles Lager,1998,4.0
Munich Helles Lager,1999,4.5
Munich Helles Lager,2000,4.75
Munich Helles Lager,2001,3.9166666666666665
Munich Helles Lager,2002,4.017156862745098
Munich Helles Lager,2003,3.778787878787879
Munich Helles Lager,2004,3.8472803347280333
Munich Helles Lager,2005,3.872072072072072
Munich Helles Lager,2006,3.9115776081424936
Munich Helles Lager,2007,3.8550624133148403
Munich Helles Lager,2008,3.8946894689468947
Munich Helles Lager,2009,3.931404958677686
Munich Helles Lager,2010,3.9250886524822697
Munich Helles Lager,2011,3.7283393501805056
Munich Helles Lager,2012,3.6666666666666665
Märzen / Oktoberfest,1998,4.25
Märzen / Oktoberfest,2000,4.25
Märzen / Oktoberfest,2001,3.8645833333333335
Märzen / Oktoberfest,2002,3.822142857142857
Märzen / Oktoberfest,2003,3.770919635459818
Märzen / Oktoberfest,2004,3.778198653198653
Märzen / Oktoberfest,2005,3.787213114754098
Märzen / Oktoberfest,2006,3.8078851412944394
Märzen / Oktoberfest,2007,3.8090219224283306
Märzen / Oktoberfest,2008,3.7694541231126597
Märzen / Oktoberfest,2009,3.8054093567251464
Märzen / Oktoberfest,2010,3.7940775109170306
Märzen / Oktoberfest,2011,3.6656796769851954
Märzen / Oktoberfest,2012,3.4375
Oatmeal Stout,1998,4.5
Oatmeal Stout,1999,4.0
Oatmeal Stout,2000,4.75
Oatmeal Stout,2001,4.521739130434782
Oatmeal Stout,2002,4.1275395033860045
Oatmeal Stout,2003,4.060381355932203
Oatmeal Stout,2004,4.057894736842106
Oatmeal Stout,2005,3.988709677419355
Oatmeal Stout,2006,3.96377607025247
Oatmeal Stout,2007,3.9145106861642294
Oatmeal Stout,2008,3.9551028481012658
Oatmeal Stout,2009,3.945679012345679
Oatmeal Stout,2010,3.9168840849795004
Oatmeal Stout,2011,3.821219035202086
Oatmeal Stout,2012,3.9210526315789473
Old Ale,1998,4.0
Old Ale,1999,4.0
Old Ale,2001,4.055555555555555
Old Ale,2002,4.002923976608187
Old Ale,2003,3.8730853391684903
Old Ale,2004,3.856807511737089
Old Ale,2005,3.9334170854271355
Old Ale,2006,3.8574918566775245
Old Ale,2007,3.8171466845277964
Old Ale,2008,3.916710457172885
Old Ale,2009,3.8628091460569296
Old Ale,2010,3.8557289684050247
Old Ale,2011,4.0061429033301
Old Ale,2012,3.8206106870229006
Pumpkin Ale,1998,4.0
Pumpkin Ale,2001,3.357142857142857
Pumpkin Ale,2002,3.25
Pumpkin Ale,2003,3.460227272727273
Pumpkin Ale,2004,3.5156626506024096
Pumpkin Ale,2005,3.4369085173501577
Pumpkin Ale,2006,3.555137844611529
Pumpkin Ale,2007,3.5709651257096513
Pumpkin Ale,2008,3.604357181280258
Pumpkin Ale,2009,3.6385844748858447
Pumpkin Ale,2010,3.683
Pumpkin Ale,2011,3.6590554689240364
Pumpkin Ale,2012,3.6391752577319587
Quadrupel (Quad),2000,4.0
Quadrupel (Quad),2001,4.6
Quadrupel (Quad),2002,4.264705882352941
Quadrupel (Quad),2003,4.191532258064516
Quadrupel (Quad),2004,4.108725761772853
Quadrupel (Quad),2005,4.139344262295082
Quadrupel (Quad),2006,4.0766688697951095
Quadrupel (Quad),2007,4.074626865671642
Quadrupel (Quad),2008,4.080059146599071
Quadrupel (Quad),2009,4.015892002734108
Quadrupel (Quad),2010,4.0600907029478455
Quadrupel (Quad),2011,4.067107269954245
Quadrupel (Quad),2012,4.115384615384615
Rauchbier,2001,4.0
Rauchbier,2002,3.911764705882353
Rauchbier,2003,3.7520661157024793
Rauchbier,2004,3.703125
Rauchbier,2005,3.7476190476190476
Rauchbier,2006,3.7448377581120944
Rauchbier,2007,3.728187919463087
Rauchbier,2008,3.7768860353130016
Rauchbier,2009,3.7922185430463577
Rauchbier,2010,3.860876897133221
Rauchbier,2011,3.8282997762863533
Rauchbier,2012,4.0
Roggenbier,2002,4.166666666666667
Roggenbier,2003,4.1
Roggenbier,2004,3.90625
Roggenbier,2005,4.083333333333333
Roggenbier,2006,3.75
Roggenbier,2007,3.888888888888889
Roggenbier,2008,3.933333333333333
Roggenbier,2009,4.05
Roggenbier,2010,3.977777777777778
Roggenbier,2011,3.9
Roggenbier,2012,4.0
Russian Imperial Stout,1998,3.75
Russian Imperial Stout,2000,4.5
Russian Imperial Stout,2001,4.358695652173913
Russian Imperial Stout,2002,4.273841961852861
Russian Imperial Stout,2003,4.077041602465331
Russian Imperial Stout,2004,4.0153005464480875
Russian Imperial Stout,2005,4.082101806239737
Russian Imperial Stout,2006,4.046453407510431
Russian Imperial Stout,2007,4.050812064965197
Russian Imperial Stout,2008,4.029387699440884
Russian Imperial Stout,2009,4.004669779853235
Russian Imperial Stout,2010,3.9915560327996875
Russian Imperial Stout,2011,4.01661217973086
Russian Imperial Stout,2012,4.055769230769231
Rye Beer,1998,4.0
Rye Beer,1999,4.5
Rye Beer,2002,4.273809523809524
Rye Beer,2003,3.804232804232804
Rye Beer,2004,3.93640350877193
Rye Beer,2005,4.120445344129554
Rye Beer,2006,4.1373182552504035
Rye Beer,2007,4.047353760445683
Rye Beer,2008,3.9814418272662384
Rye Beer,2009,4.00469353948095
Rye Beer,2010,3.958980582524272
Rye Beer,2011,3.912576064908722
Rye Beer,2012,3.9356435643564356
Sahti,2003,3.0
Sahti,2004,4.071428571428571
Sahti,2005,3.4555555555555557
Sahti,2006,3.3970588235294117
Sahti,2007,3.547169811320755
Sahti,2008,3.6122448979591835
Sahti,2009,3.7283464566929134
Sahti,2010,3.737577639751553
Sahti,2011,3.7393617021276597
Sahti,2012,3.5714285714285716
Saison / Farmhouse Ale,1999,3.5
Saison / Farmhouse Ale,2001,4.785714285714286
Saison / Farmhouse Ale,2002,4.281818181818182
Saison / Farmhouse Ale,2003,4.125
Saison / Farmhouse Ale,2004,4.111192930780559
Saison / Farmhouse Ale,2005,4.042600896860987
Saison / Farmhouse Ale,2006,3.9584990059642147
Saison / Farmhouse Ale,2007,3.9516520894071916
Saison / Farmhouse Ale,2008,3.9883650649743125
Saison / Farmhouse Ale,2009,3.9721927403948207
Saison / Farmhouse Ale,2010,3.9875089221984297
Saison / Farmhouse Ale,2011,3.902359176886302
Saison / Farmhouse Ale,2012,3.933333333333333
Schwarzbier,1998,4.0
Schwarzbier,2000,4.5
Schwarzbier,2001,4.25
Schwarzbier,2002,3.9731543624161074
Schwarzbier,2003,3.8865030674846626
Schwarzbier,2004,3.793539325842697
Schwarzbier,2005,3.923130193905817
Schwarzbier,2006,3.8713646532438477
Schwarzbier,2007,3.8268779342723005
Schwarzbier,2008,3.8754674644727003
Schwarzbier,2009,3.857783472133248
Schwarzbier,2010,3.843926191696566
Schwarzbier,2011,3.706009913258984
Schwarzbier,2012,3.51
Scotch Ale / Wee Heavy,1998,4.5
Scotch Ale / Wee Heavy,1999,4.25
Scotch Ale / Wee Heavy,2000,4.0
Scotch Ale / Wee Heavy,2001,4.145833333333333
Scotch Ale / Wee Heavy,2002,4.054585152838428
Scotch Ale / Wee Heavy,2003,3.906417112299465
Scotch Ale / Wee Heavy,2004,3.921917808219178
Scotch Ale / Wee Heavy,2005,3.9417273673257025
Scotch Ale / Wee Heavy,2006,3.890498652291105
Scotch Ale / Wee Heavy,2007,3.853344298245614
Scotch Ale / Wee Heavy,2008,3.8679644519678376
Scotch Ale / Wee Heavy,2009,3.8650943396226416
Scotch Ale / Wee Heavy,2010,3.8518585348249728
Scotch Ale / Wee Heavy,2011,3.85852608929532
Scotch Ale / Wee Heavy,2012,3.9152542372881354
Scottish Ale,1998,3.5
Scottish Ale,2000,5.0
Scottish Ale,2001,4.277777777777778
Scottish Ale,2002,3.7844036697247705
Scottish Ale,2003,3.7419354838709675
Scottish Ale,2004,3.810655737704918
Scottish Ale,2005,3.7921174652241114
Scottish Ale,2006,3.864464692482916
Scottish Ale,2007,3.7626651982378854
Scottish Ale,2008,3.785031847133758
Scottish Ale,2009,3.7875
Scottish Ale,2010,3.7907231555880205
Scottish Ale,2011,3.6968981793661495
Scottish Ale,2012,3.7291666666666665
Scottish Gruit / Ancient Herbed Ale,1998,4.0
Scottish Gruit / Ancient Herbed Ale,2001,3.6
Scottish Gruit / Ancient Herbed Ale,2002,3.6458333333333335
Scottish Gruit / Ancient Herbed Ale,2003,3.7023809523809526
Scottish Gruit / Ancient Herbed Ale,2004,3.64375
Scottish Gruit / Ancient Herbed Ale,2005,3.644268774703557
Scottish Gruit / Ancient Herbed Ale,2006,3.6007067137809186
Scottish Gruit / Ancient Herbed Ale,2007,3.6115702479338845
Scottish Gruit / Ancient Herbed Ale,2008,3.7629969418960245
Scottish Gruit / Ancient Herbed Ale,2009,3.718152866242038
Scottish Gruit / Ancient Herbed Ale,2010,3.733502538071066
Scottish Gruit / Ancient Herbed Ale,2011,3.7220843672456576
Scottish Gruit / Ancient Herbed Ale,2012,3.142857142857143
Smoked Beer,2001,3.0
Smoked Beer,2002,3.890625
Smoked Beer,2003,3.696969696969697
Smoked Beer,2004,3.6686746987951806
Smoked Beer,2005,3.796116504854369
Smoked Beer,2006,3.8451327433628317
Smoked Beer,2007,3.6515151515151514
Smoked Beer,2008,3.793357933579336
Smoked Beer,2009,3.805168986083499
Smoked Beer,2010,3.7645211930926217
Smoked Beer,2011,3.744488977955912
Smoked Beer,2012,3.4361702127659575
Tripel,1998,4.75
Tripel,2000,4.75
Tripel,2001,4.283333333333333
Tripel,2002,4.1177777777777775
Tripel,2003,4.001138952164009
Tripel,2004,3.9201183431952664
Tripel,2005,3.9111814345991562
Tripel,2006,3.9108421411524037
Tripel,2007,3.8923487544483986
Tripel,2008,3.9004257332071903
Tripel,2009,3.903166341357623
Tripel,2010,3.9092696048003313
Tripel,2011,3.9099429502852487
Tripel,2012,3.9444444444444446
Vienna Lager,1998,4.5
Vienna Lager,1999,4.0
Vienna Lager,2001,4.038461538461538
Vienna Lager,2002,3.826797385620915
Vienna Lager,2003,3.6573359073359075
Vienna Lager,2004,3.7572202166064983
Vienna Lager,2005,3.7653846153846153
Vienna Lager,2006,3.746875
Vienna Lager,2007,3.767552182163188
Vienna Lager,2008,3.78262676641729
Vienna Lager,2009,3.8356443719412723
Vienna Lager,2010,3.8193548387096774
Vienna Lager,2011,3.6439966414777496
Vienna Lager,2012,3.5416666666666665
Weizenbock,2001,4.4375
Weizenbock,2002,4.119834710743802
Weizenbock,2003,3.9907120743034055
Weizenbock,2004,4.057377049180328
Weizenbock,2005,4.04320987654321
Weizenbock,2006,3.978395061728395
Weizenbock,2007,4.010917030567685
Weizenbock,2008,3.975793857365955
Weizenbock,2009,4.051801801801802
Weizenbock,2010,4.061305732484076
Weizenbock,2011,3.9541284403669725
Weizenbock,2012,3.9878048780487805
Wheatwine,2002,4.136363636363637
Wheatwine,2003,4.04
Wheatwine,2004,4.074074074074074
Wheatwine,2005,3.9340425531914893
Wheatwine,2006,3.917883211678832
Wheatwine,2007,3.817142857142857
Wheatwine,2008,3.788515406162465
Wheatwine,2009,3.7514231499051234
Wheatwine,2010,3.771985494106981
Wheatwine,2011,3.823624595469256
Wheatwine,2012,4.0
Winter Warmer,1998,3.75
Winter Warmer,1999,3.5
Winter Warmer,2000,4.0
Winter Warmer,2001,3.7155172413793105
Winter Warmer,2002,3.8112449799196786
Winter Warmer,2003,3.762464722483537
Winter Warmer,2004,3.7721202003338896
Winter Warmer,2005,3.757142857142857
Winter Warmer,2006,3.643935450286309
Winter Warmer,2007,3.6315663801337155
Winter Warmer,2008,3.7049983113812903
Winter Warmer,2009,3.7402945113788486
Winter Warmer,2010,3.7020401447844686
Winter Warmer,2011,3.670178799489144
Winter Warmer,2012,3.6414141414141414
Witbier,1998,2.5
Witbier,1999,4.333333333333333
Witbier,2000,3.875
Witbier,2001,4.178571428571429
Witbier,2002,3.965181058495822
Witbier,2003,3.859942638623327
Witbier,2004,3.890078515346181
Witbier,2005,3.8537735849056602
Witbier,2006,3.8179446005620234
Witbier,2007,3.789174641148325
Witbier,2008,3.800639894086496
Witbier,2009,3.748533724340176
Witbier,2010,3.788805970149254
Witbier,2011,3.6619897959183674
Witbier,2012,3.6363636363636362
